hunt_name,hunt_type,wma_location,start_date,end_date,permits_available,duration_days,agency,max_party,restriction,notes
Panther Swamp NWR - Gun Hunt,Deer Gun,Panther Swamp NWR,2026-11-21,2026-11-23,,3,USFWS,5,,Limited draw. Up to 5 applicants per application. Buck must be 15in inside spread or 18in main beam.
Yazoo NWR - Youth Deer Gun,Deer Gun,Yazoo NWR,2026-11-27,2026-11-28,,2,USFWS,1,Youth under 16 only,Limited draw. ONE applicant per application. Only youth may hunt; a licensed adult 21+ must supervise. Youth may harvest any size antlered deer on this hunt only - the 15in/18in buck rule does not apply.
Panther Swamp NWR - Muzzleloader Hunt 1,Deer Primitive Weapon,Panther Swamp NWR,2026-12-03,2026-12-06,,4,USFWS,5,,Limited draw. Up to 5 applicants per application. Archery equipment allowed; breech-loading firearms prohibited.
Yazoo NWR - Muzzleloader Hunt 1,Deer Primitive Weapon,Yazoo NWR,2026-12-04,2026-12-05,,2,USFWS,2,,Limited draw. Up to 2 applicants per application.
Yazoo NWR - Muzzleloader Hunt 2,Deer Primitive Weapon,Yazoo NWR,2026-12-07,2026-12-08,,2,USFWS,2,,Limited draw. Up to 2 applicants per application.
Panther Swamp NWR - Muzzleloader Hunt 2,Deer Primitive Weapon,Panther Swamp NWR,2026-12-10,2026-12-13,,4,USFWS,5,,Limited draw. Up to 5 applicants per application. Archery equipment allowed; breech-loading firearms prohibited.
Yazoo NWR - Muzzleloader Hunt 3,Deer Primitive Weapon,Yazoo NWR,2026-12-11,2026-12-12,,2,USFWS,2,,Limited draw. Up to 2 applicants per application.
Panther Swamp NWR - Senior Muzzleloader,Deer Primitive Weapon,Panther Swamp NWR,2026-12-17,2026-12-20,,4,USFWS,5,Seniors 65+ only,Limited draw. Up to 5 applicants per application. One non-hunter assistant allowed. Requires the FREE Senior TR Complex permit.
Yazoo NWR - Senior Citizen Deer Gun,Deer Gun,Yazoo NWR,2026-12-18,2026-12-19,,2,USFWS,2,Seniors 65+ only,Limited draw. Up to 2 applicants per application. One non-hunter assistant allowed. Requires the FREE Senior TR Complex permit.
